method,total,correct,accuracy,fallback_rate
bm25,122,33,0.270492,0.188525
boolean,122,21,0.172131,0.254098
bow,122,26,0.213115,0.327869
tfidf,122,10,0.081967,0.688525
